Artist,Title
NGHTMRE,NGHTMRE & Zeds Dead - Shady Intentions [VIP] (feat. Tori Levett)
Cyclops Recordings,Kill The Noise x Wooli - Song Of The Year
Disciple â â â,Crankdat & Bandlez - Ground Shake
HoneyLuv,Your Tongue (Radio Edit)
NULLTONE,Moth To A Flame (Chris Lake Remix) x Bad And Boujee [LIVE MASHUP]
Swedish House Mafia,"Swedish House Mafia, The Weeknd, Chris Lake - Moth To A Flame (Chris Lake Remix)"
Noizu,Summer 91
Wavedash,Satin Cash Pt. II
Wavedash,Stallions (feat. fknsyd)
SVEN,Ruff X Ghostface (SVEN Edit)- Zeds Dead X Yookie X YDG
SNAILS,Kill The Noise & Snails - Shake The Ground (feat. Sullivan King & Jonah Kay)
Kill The Noise,Zomboy - Like A Bitch (Kill The Noise Remix)
Wakaan,LSDREAM - ACTIVATE
Ganja White Night,Ganja White Night - Ferity VIP
Skrillex,"Skrillex, Flowdan, BEAM & PEEKABOO - Hydrate"
Blue Foundation Official,Eyes on Fire (Zeds Dead Remix)
Inspected,Zeds Dead - Adrenaline
NGHTMRE,NGHTMRE & Ray Volpe - Signal
"Earth, Wind & Fire",September
Madeon,Icarus
WRECKNO,WRECKNO x NotLÃ¶ - The PÃ¼ssy
NGHTMRE,NGHTMRE & Zomboy - Shell Shock (feat. Georgia Ku)
HoneyLuv,365 (Thr33 6ix 5ive)
Hailee Steinfeld,Love Myself (KREAM Remix)
Night Bass,Zeds Dead - One Three Nine (Ft. Scrufizzer)
Bass Arena Music,Skrillex - Leave Me Like This
Skrillex,Skrillex & Bobby Raps - Donât Leave Me Like This
Skrillex,Skrillex with Bobby Raps - Leave Me Like This
Tove Lo,Talking Body (KREAM Remix)
John Summit,John Summit & Guz - What A Life (Feat. Stevie Appleton)
Kx5,Alive (KREAM Remix) [feat. The Moth & The Flame]
Noizu,Summer 91 (Looking Back)
Noizu,Mi CorazÃ³n
SABLE VALLEY,ISOxo - Beam (Knock2 Remix)
Wax Motif,Wax Motif & Matroda - Lose Control
EPTIC,EPTIC - Ultimate Flex
Wax Motif,WET
Calvin Harris,Thinking About You (feat. Ayah Marar)
martinsolveig,The Night Out (Madeon Remix)
Noizu,Noizu & Westend - Push To Start (Feat. No/Me)
Avicii Greece,Tim Berg - Seek Bromance (Avicii's Intro Mix)
YFZO,Noizu - Moon Groove (YFZO Bootleg)
SQWAD,Zeds Dead & Jauz - Lights Go Down (SQWAD Remix)
J. Worra,J. Worra & Shift K3Y - All The Girls
NGHTMRE,"NGHTMRE, Space Laces - Trials (feat. IDK) (NGHTMRE & SPACE LACES Club Mix)"
Monstercat,Crankdat - Power Stone
Monstercat,Crankdat & Rated R - Start Shit
CUSTO,Zeds Dead & Peekaboo - POWA (CUSTO Bootleg)
Gorgon City,You've Done Enough (John Summit Extended Mix)
Gorgon City,Go Deep (Zeds Dead Remix)
Gorgon City,Voodoo
Gorgon City,There For You
SLANDER,SLANDER & WAVEDASH - MOVE BACK
Kill The Noise,Kill The Noise - Brain Damage
Ophelia Records,Kill The Noise - Crank
NGHTMRE,NGHTMRE & Subtronics - Nuclear Bass Face (feat. Boogie T)
EPTIC,EPTIC X HOL! - Detonate
Subtronics,Zeds Dead x Subtronics - Gassed Up (feat. Flowdan) VIP
voyd,SVDDEN DEATH - SHALLOW LAND BURIAL
dWÉNG,Dillon Francis & Alison Wonderland - Lost my Mind (NGHTMRE Remix) (dwvng boost)
NGHTMRE,Dillon Francis & Alison Wonderland - Lost My Mind(NGHTMRE Remix)
EPTIC,EPTIC - Run It
NGHTMRE,NGHTMRE & Gunna - CASH COW (NGHTMRE & BLVK JVCK VIP)
Jon Casey,NGHTMRE - Trials (Jon Casey Remix)
NGHTMRE,NGHTMRE & A$AP FERG - REDLIGHT [VIP]
RL Grime,Core
EPTIC,EPTIC & MARAUDA - Wall of Death
NIGHTMODE,PEEKABOO - When I'm Gone Ft. XAELO(Ganja White Night Remix)
Mport,Zeds Dead X GRiZ - Ecstasy Of Soul (Mport Flip) [Full Song on YT/Free DL]
Wavedash,Deathwish (feat. fknsyd)
Trott,Excision & Zeds Dead - Bounce x Bumpy Teeth
Moore Kismet,Kill The Noise & MOELLE - Don't Look Back (Moore Kismet Remix)
Gryffin,"Gryffin, SLANDER - All You Need To Know (feat. Calle Lehmann) (Jason Ross Remix)"
Elizra,L.U.X - Wook Zone
LucasGabriel B,Wavedash - Bang
DJ SNAKE,SouthSide (feat. Eptic)
KAI WACHI,Dabin x Kai Wachi - Hollow (feat. LÃ¸ Spirit)
NGHTMRE,NGHTMRE - Street (PEEKABOO Remix)
PEEKABOO,Zeds Dead & Jauz - Lights Go Down (PEEKABOO Remix)
Zeds Dead,Zeds Dead & PEEKABOO - POWA
Kill The Noise,Dying (feat. Ultraviolet Sound & Emily Hudson)
NGHTMRE,NGHTMRE & SLANDER - Fall Into Me (feat. Dylan Matthew)
PEEKABOO,PEEKABOO x Eptic - NOSEBLEED
Zeds Dead,Zeds Dead x Champagne Drip - After The Water
Gud Vibrations,NGHTMRE & SLANDER - FEELING GUD FT. MATTHEW SANTOS
Kill The Noise,Spitfire Riddim (feat. twoton)
NGHTMRE,NGHTMRE - Atmosphere (feat. Upsahl)
REZZ,Someone Else (PEEKABOO Remix)
Wakaan,LSDREAM - WHITE MAGIC Feat. Leah Culver
Kill The Noise,I Do Coke
Wakaan,LSDREAM - ILY
Madeon,Pay No Mind (feat. Passion Pit)
Wakaan,"LSDREAM, Karra - WILD ORCHIDS"
DILLONFRANCIS,Dillon Francis - Need You
Madeon,All My Friends
Zeds Dead,Atmosphere - GodLovesUgly (Zeds Dead X Subtronics Remix)
Madeon,No Fear No More
Wakaan,LSDREAM - PSYCHEDELIC Feat Taylr Renee
Wakaan,"LSDREAM, INZO - BLASTA"
Wakaan,LSDREAM feat. CoJaxx - PEACE LOVE & WUBZ
PEEKABOO,PEEKABOO - Here With Me
GRiZ,Funkonaut by GRiZ and LSDREAM
Ganja White Night,Ganja White Night x LSDREAM - Badman
Wakaan,"VEIL, NotLÃ¶ - Exoplanet"
NGHTMRE,NGHTMRE - Euphoria (feat. Rosie Darling)
Wakaan,LSDREAM x Taylr Renee - FOLLOW THE VIBE
KREAM,Water (feat. Zohara)
ZINGARA,AUSTERIA & ZINGARA - WWYB3 ft. Miracle
Seven Lions,"Kill The Noise, Seven Lions & Julia Ross - Without You"
Madeon,Technicolor
Monstercat,Crankdat - Back To You (feat. KINDRED)
Wakaan,PEEKABOO - Maniac [UKF Premiere]
Kill The Noise,Lose Ya Love
Virtual Riot,Virtual Riot - Pray For Riddim
Emorfik,Emorfik - Crunchy
Hi I'm Ghost,EPTIC & MARAUDA - WALL OF DEATH (HI I'M GHOST FLIP)
Wakaan,TVBOO - Ms. Judy
Jaenga,Jaenga - RASPBERRY MANGO
Galantis,Galantis - Runaway (U & I) [Subtronics Remix]
Excision,Excision x Wooli x Trivecta - Oxygen (Ray Volpe Remix)
Eliminate*,RAY VOLPE - LASERBEAM (ELIMINATE REMIX)
MARAUDA,DEATH PIT
MARAUDA,TRASH
Circus Records Official,Wooli x Kompany - Briddim Bomb
Zomboy,Zomboy & MUST DIE - Last One Standing (Ace Aura Remix)
Kill The Noise,Subtronics Screamsaver Killthenoise remix FINAL
Kill The Noise,"Recess - Skrillex, Kill The Noise & Fatman Scoop"
Kill The Noise,YEBBA - Boomerang KTN Remix
Wavedash,By Any Means
Wavedash,WAVEDASH & QUEST - Star Power
Wavedash,WAVEDASH & QUEST - Off Leash
Wavedash,WAVEDASH - Like That
YAKZ,Death Stalker
YAKZ,Sippin
YAKZ,Yaktivate
YAKZ,Deyaktivate
YAKZ,Crash
San Holo,San Holo - Light
ILLENIUM,Illenium - Fractures (ft. Nevve)
Porter Robinson,Divinity (feat. Amy Millan)
REZZ,Porter Robinson - Divinity (REZZ Remix)
Porter Robinson,Divinity (ODESZA Remix) [feat. Amy Millan]
Trivecta,Illenium - Fractures (Trivecta Remix)
Blue Strawberry Radio,HoneyLuv - Sway (ft. Dope Earth Alien)
Au5,Slander & Said The Sky - Potions feat. JT Roach(Au5 Remix)
HKN,"Illenium, Said The Sky, Annika Wells - Sad Songs (HKN Remix)"
ILLENIUM,ILLENIUM & Said the Sky - Sad Songs ft. Annika Wells
SLANDER,SLANDER & MARAUDA - SUFFER FT. ELLE VEE
Kompany,Illenium - Free Fall Ft. RUNN (Kompany Remix)
Tape B,Tape B - Voices
NGHTMRE,"NGHTMRE, PhaseOne - Fall Into Me (PhaseOne Remix)"
NIGHTMODE,Knock2 - Rock Ur World (Ft. fussy)
Night Bass,Blossom - Complicated (Ft. Bella Renee)
Chime,Dabin & Trella - Starbright (Chime Remix)
HEDEX,Martin Garrix - In the Name of Love (Hedex Bootleg)
Rampage Recordings,Basstripper - Noodle Bar
Night Bass,Nostalgix - My Type
ILLENIUM,"ILLENIUM, Valerie Broussard, & Nurko - Sideways"
ILLENIUM,"ILLENIUM, Valerie Broussard, & Nurko - Sideways (SoDown Remix)"
ILLENIUM,ILLENIUM & Nurko - Sideways (feat. Valerie Broussard) [Laidback Luke Remix]
Gorgon City,Body Language
Benny Benassi,Benny Benassi - Cinema Feat. Gary Go (Galantis Remix)
RaverTunez,Galantis - Firebird (RaverTunez Remake)
djmag,Deadmau5 - 'The Veldt' (Tommy Trash Remix)
Tommy Trash,Deadmau5 feat Chris James - The Veldt (Tommy Trash Remix)
Chris Lake,Chris Lake - 400
Wakaan,"LSDREAM, COM3T - HELLO HUMAN"
Twoonie Loons,REZZ & 13 - Drugs! Vs LSDREAM & Comet - Hello Human (Twoonie Loons Live Mashup) Final
Boogie T,Dead Genres
REZZ,REZZ - Purple Gusher
RAY VOLPE ð¤,RAY VOLPE - HAPPY SONG
SOFI TUKKER,Purple Hat (Dux N Bass Remix)
HEDEX,Work Rate
Carly Rae Jepsen,Turn Me Up
Tape B,Zeds Dead - Collapse (feat. Memorecks) (Tape B Remix)
Circus Records Official,Conrank x Tape B - Neon Shades
Tape B,Galantis - In My Head (Tape B / DropTalk Remix) (Headbang Society Premiere)
Madeon,Cut the Kid
COHEN,"Easy (Porter Robinson, Mat Zo vs. Kaskade vs. Tom Swoon vs. David Guetta, Usher) [FREE DL]"
BLVK SHEEP,Porter Robinson & Mat Zo - Easy (Blvk Sheep & Fransis Derelle Remix)
Chris Lake,"Chris Lake, Aluna - Beggin'"
Defected Records,LA DANZA - DAVID PENN EXTENDED REMIX
John Summit,Sofi Tukker - Drinkee (Vintage Culture & John Summit Remix)
A$AP Ferg,Work
Of The Trees,Durin's Tower
Mz Worthy,ODESZA - Sun Models Feat Madelyn Grant (Worthy Remix) [Free DL]
Agent Of Kaos - AOK,Zingara - WWYB3 (Agent Of Kaos's Zodiac Killer Remix)
xBREATH,Break'n A Sweat (DNB DRIVE 2)
Blossom,Black Caviar - Hispanoamericano (ft. Euri) [Blossom Remix]
CosmicGateOfficial,Exploration of Space (Cosmic Gate's Third Contact Remix)
CHAVVYGONZALEZ,Bou - Scorpio
Redd Carpet Chicago,Ice Spice - No Clarity ( Remix) Produced by Red Carpet
Ice Spice,No Clarity
Calvin Harris,One Kiss
SOFI TUKKER,Wet Tennis
Nicki Minaj,"Nicki Minaj, Ice Spice & Aqua - Barbie World (with Aqua) [From Barbie The Album]"
Porter Robinson,Nero - The Thrill (Porter Robinson Remix)
MeSo,MeSo & Blurrd Vzn - Big Facts
Tape B,Butterfly Effect (Tape B Remix)
SubDocta,SubDocta - Never
Blanke,RL Grime - Pressure [blanke remix]
Simula,Ravioli
ACRAZE,Do It To It (ft. Cherish)(Habstrakt Remix)
NGHTMRE,"NGHTMRE, Big Gigantic - Back For More (Feat. Olivia Sebastianelli)"
Of The Trees,Everglade March (VIP)
Space Wizard,Space Wizard & YDG - Heat Damage
Jade Cicada,Jade Cicada & Schmoop - Pigeon Toad
Empire Of The Sun,Alive (Zedd Remix)
Ganja White Night,Ganja White Night x Infected Mushroom - Kill To Feel
Oddprophet,Riddim Love Song
Night Bass,"AC Slater, Kaleena Zanders & NuBass - Lose My Mind"
jantsenmusic,Jantsen & Dirt Monkey_ In The Mood (Forthcoming Rottun)
Wakaan,"Toadface, Of The Trees - Stone Monkey"
Artino,M83 - Midnight City (Artino Remix)
HEDEX,MHITR (Semi-Automatic) [feat. Eksman]
RAY VOLPE ð¤,RL GRIME - CORE (RAY VOLPE FLIP)
Midnight Kids,Owl City & Carly Rae Jepsen - Good Time (Midnight Kids Remix)
Said The Sky,Owl City - Fireflies (Said The Sky Remix)
Urbandawn,Come Together
Tape B,DJ Fresh - Gold Dust (Flux Pavilion Remix)(Tape B Flip)
Tsuki,DJ Fresh - Gold Dust (Tsuki Remix)
Monstercat,CHYL - Fool Me
KAI WACHI,Kai Wachi - Over My Head (feat. Dia Frampton)
Synymata,Slander - Love Is Gone (ft. Dylan Matthew) [Synymata Remix]
Seven Lions,Only Now (Synymata Remix)
Anki,Dabin - Rings & Roses Ft Conor Byrne (Anki Remix)
Subtronics,Subtronics - Into Pieces (Wooli x Grabbitz Remix)
Zeds Dead,Blue Foundation - Eyes On Fire (Zeds Dead Remix)
Above & Beyond,Above & Beyond And Seven Lions Feat. Opposite The Other - See The End (Last Heroes Remix)
Zeds Dead,Zeds Dead - In The Beginning
SubDocta,Zeds Dead - In The Beginning (SubDocta Remix)
,Billie Eilish - _What Was I Made For__ (Kaivon Remix) Official Audio (320 kbps)
TAIGA,KESHA - Die Young [TAIGA Remix]
Lost Colony,Porter Robinson V.S Zedd- Language Of Clarity (Lost Colony Mashup)
GAINZLEY,Daft Punk - One More Time (Zedd Remix) - Live Rip
bexxie,Justice - D.A.N.C.E. (Bexxie Remix) [FREE DOWNLOAD]
olivia,"Disclosure - Sheâs Gone, Dance On (unreleased)"
Kawai Sprite,charli XCX - unlock it (kawaisprite remix)
Panic City,Daft Punk - Digital Love (Panic City Remix)
AviciiOfficial,Hey Brother (Avicii By Avicii)
Au5,Porter Robinson - Cheerleader (Au5 Flip)
OWSLA,Breakn' A Sweat - Skrillex & The Doors (Zedd Remix)
Virtual Riot,Virtual Riot - Energy Drink (FREE DOWNLOAD)
Coone,This Deejay
Coone,All Of The Lights
MARNIK,Boyz In Paris (Coone Remix)
Yosuf,S&M
Yosuf,I Need A Hero (Shrekkunt Bootleg)
Yosuf,Poker Face
Yosuf,DJ Got Us Fallin In Love (Yosuf Bootleg)
MUST DIE!,MUST DIE! X LIL TEXAS - GAGGED & BOUND
footworxx,UNICORN ON KETAMINE - KALINKA - FOOTWORXX DIGI103
Icona Pop,I Love It (feat. Charli XCX)
charlixcx,Von dutch
Control Freak,"SPIDER (CONTROL FREAK REMIX) - NITEPUNK, TIDA"
mau5trap,deadmau5 feat. Chris James - The Veldt (Radio Edit)
deadmau5,The Veldt (8 Minute Edit) [feat. Chris James]
deadmau5,deadmau5 - Strobe
Fred again..,Baby again..
charlixcx,Spring breakers
charlixcx,Guess
Carly Rae Jepsen,Psychedelic Switch
Fred again..,Marea (weâve lost dancing)
JANU,Knock2 x Space Laces x ASAP Ferg - Dashstar VIP X Dominate X Work (JANU Edit)
Tame Impala,The Less I Know The Better
Blue Strawberry Radio,Sofi Tukker - Drinkee (Vintage Culture & John Summit Extended Mix)
JOYRYDE / Lets Be Friends [Archive] FAN,Jack Ã Feat. Alguna George - To Ã [JOYRYDE Remix]
HouseRips21,Jack U - To U (Joyryde Remix)
ððððððð,Black Mamba
JOYRYDE,JOYRYDE & SKRILLEX - AGEN WIDA
Habstrakt,Show Me
cookiemonstatc,Habstrakt - Show Me (Cookie Monsta Remix)
JOYRYDE,ON FIRE
OWSLA,Skrillex & Habstrakt - Chicken Soup
Habstrakt,Tonight
Habstrakt,Molotov (With Malaa)
DJ SNAKE,Ring The Alarm (Habstrakt Remix)
BrickHouse Baby,"Who I Am x Ring The Alarm (BrickHouse Baby Mashup)- Habstrakt Remix, Malaa, DJ Snake, Matroda Remix"
ã ð±ððð ð½ðððð ãðºð¶,STICK FIGURE X KBONG [ Flow Remix ] Bass 2K20
Couvre x Chefs,[PREMIERE] Bianca Oblivion - Bumbum Pra CaÌ (Lazy Flow remix)
TRYPBOX,Habstrakt & NOON - Juicy (ALLIESUN & TRYPBOX Remix)
Bacon,Habstrakt - Juicy (With Noon)(Bacon Remix)
Bacon,Habstrakt - Gotta Be (Bacon remix)
Henry Fong,What's the Move (feat. General Degree) (Tisoki Remix)
2HEARTs,ISOxo - Click - Henry Fong & Knock2 ft. General Degree - What's The Move - (2HEARTs Edit)
MAAD WEST,Knock2 & Henry Fong - What's The Move (MAAD WEST Remix )
Henry Fong,Henry Fong ft. MC Maromba - Pa Pa Pa
ððððððð,Ghastly & Crankdat - Lemme See U
ððððððð,Lil Jon & Ghastly - Dance
Night Bass,AC Slater - Night Rider (Ft. Scrufizzer)
Night Bass,AC Slater - Night Rider (Ft. Scrufizzer) (12th Planet & AIRGLO Remix)
nikko,NME
Bassnectar,Bassnectar - ViBR8
DR. FRESCH,SICK (FREAK ON Remix)
DR. FRESCH,Dr. Fresch & Marten HÃ¸rger - Take A Step Back
Habstrakt,Habstrakt & Dr. Fresch - Enemy
DR. FRESCH,Dr. Fresch x BIJOU - Revelation feat. Denzel Curry
MARTEN HÃRGER,MARTEN HÃRGER X NEON STEVE - WE'RE BACK - [The Prescription Records]
Nutkix,Marten HÃ¸rger - AnÃ¸ther DimensiÃ¸n Part TwÃ¸ (Nutkix Bootleg) FREE DL
MARTEN HÃRGER,MARTEN HÃRGER - ANÃTHER DIMENSIÃN | OUT NOW
